"name","synonyms"
ABB LTD-REG,
ABIOMED Inc.,ABIOMED Inc.
"3i Group",
AB InBev SA-NV ,Anheuser-Busch InBev SA/NV
Accor S.A,Accor
ServiceNow,
AAC TECHNOLOGIES,AAC
Abbott Laboratories,
Aberforth Smaller Companies Trust,
ACS,
Fifth Third Bancorp,
AbbVie Inc.,
Liberty Global,
Aggreko plc,
Universal Health Services Inc.,
"3M Company","3 M"
AENA SME SA,
Adecco,ADECCO GROUP AG
Aeroports de Paris,
AES Corporation,
Aflac Incorporated,
Admiral Group,
AGEAS,
AKZO NOBEL,
Albemarle Corporation,
Air Products and Chemicals Inc.,
ALCON INC,
AIA,
FinecoBank,Fineco
Air Liquide,
adidas,adidas
Alexion Pharmaceuticals Inc.,
Airbus,
Align Technology Inc.,
Allstate Corporation,
Ameren Corporation,
American Airlines Group Inc.,
AGC Inc,Asahi Glass Co
SHIN-ETSU CHEM,
Altria Group Inc,
American Express Company,
Amazon.com Inc.,
Alstom,
Evolution Mining,
Amadeus IT,
Alliant Energy Corp,
American Water Works Company Inc.,
AP MOELLER-A,
AMETEK Inc.,
Analog Devices Inc.,
Anthem Inc.,
Anglo American,
Antofagasta Holdings,
Amphenol Corporation,
Amigo Holdings,
Cenovus Energy,Cenovus Energy Inc
ARKEMA,
Adobe Inc.,
Apache Corporation,
Applied Materials Inc.,
Ascential Plc,
Arista Networks Inc.,
Amcor PLC,
ASML NV,
Apple Inc.,
Archer-Daniels-Midland Company,
Ashmore Group plc,
Howmet Aerospace Inc,Arconic
Teck Resources,
Associated British Foods plc,
ASTELLAS PHARMA,
Sumitomo Dainippon Pharma,Sumitomo Dainippon Pharma Co
Autodesk Inc.,
ATOS SE,
AstraZeneca plc,
Automatic Data Processing,
Avery Dennison Corporation,
Assura plc,
AutoZone Inc.,
Auto Trader Group plc,
AXA,
Balfour Beatty plc,
Bakkavor Group Plc,
BANK OF CHINA-H,
Allianz,
AVEVA Group plc,
BALOISE HOL-REG,
BANCO SABADELL,
Aviva plc,
Baker Hughes a GE Company ,
BAE Systems plc,
ATLAS COPCO-A,
BASF,
Toyo Suisan,Toyo Suisan Kaisha
BANKCOMM-H,
"4imprint Group plc",FOUR.LSE
Barr (A.G.),
Bank of New York Mellon Corporation,
Bayer,
Afterpay,Afterpay Limited
BB&T Corporation,
Beazley plc,
BBVA,Banco Bilbao Vizcaya Argentari
Suzuken Co,Suzuken
BNP Paribas,
Edwards Lifesciences Corporation,
Big Yellow Group,
Biogen Inc.,
BOC HONG KONG HO,
BEIERSDORF AG,
Nucor Corporation,
BHP Group Plc,
Boeing Company,
Best Buy Co. Inc.,
BMW,Bayerische Motoren Werke AG
Taisho Pharmaceuticals Holdings,Taisho Pharmaceuticals Holdings Co
Boston Scientific Corporation,
Broadcom Inc.,
Zoom Video Communications Inc,
BorgWarner Inc.,
Brown-Forman Corporation,
KAO CORP,
Britvic plc,
Boston Properties Inc.,
Fox Corporation,Fox Corp
Chubb Limited,
BRENNTAG AG,
BP Plc,
SCSK Corporation,SCSK Corp
Capri Holdings Limited,
CAIXABANK SA,
Alibaba Group Holding LTD,
Caledonia Investments plc,
Cairn Energy plc,
Burberry Group plc,
S&P Global Inc.,
BOUYGUES SA,
C.H. Robinson Worldwide Inc.,
Bunzl plc,
CANON INC,
Capita plc,
Carnival Corporation,
Vistry Group plc,Bovis Homes Group plc
CELLNEX TELECOM,
Caterpillar Inc.,
Carnival plc,
Cardinal Health Inc.,
CBS Corporation,
Centamin plc,
Celanese Corporation,
CBRE Group Inc.,
CHINA UNICOM,
CHINA MOBILE,
CHINA RES LAND,
CHINA SHENHUA-H,
CCB-H,
Charter Communications Inc.  ,
Charles Schwab Corporation,
CHINA OVERSEAS,
CENTRAL JAPAN RL,
CF Industries Holdings Inc.,
Charter Court Financial Services Group plc,
Campbell Soup Company,
Cerner Corporation,
Cigna Corporation,
Cintas Corporation,
Cisco Systems Inc.,
Copart Inc.,
Cineworld Group plc,
Cincinnati Financial Corporation,
Citrix Systems Inc.,
ARCELORMITTAL,ARCELOR MITTAL
CIE FINANCI-REG,Cie Financiere Richemont SA
CITIC,
Centrica plc,
CKH HOLDINGS,CKH Food & Health Ltd
Cobham plc,
CMS Energy Corporation,
Clarkson plc,
CLS Holdings plc,
Goodman Group,
Ingenico Group,Ingenico
Coats Group plc,
CLP HOLDINGS,
Clorox Company,
Coca-Cola Company,
Compass Group plc,
ContourGlobal plc,
Conagra Brands Inc.,
Colgate-Palmolive Company,
ING Group,
Coca-Cola HBC AG,
ConocoPhillips,
Comerica Incorporated,
COLOPLAST-B,
Comcast Corporation  ,
Suntec REIT,Suntec Real Estate Investment Trust
Crest Nicholson Holdings plc,
Croda International plc,
Altice USA,Altice
COUNTRY GARDEN,
CRH,
Royal Bank of Scotland Group plc,
Coty Inc.  ,
Deutsche Telekom,
COVESTRO AG,
Crown Castle International Corp,
Corning Inc,
CSPC PHARMACEUTI,
Philips,
Danaher Corporation,
CYBG plc,Virgin Money UK PLC
Deere & Company,
CARLSBERG-B,
TD Ameritrade,TD Ameritrade Holding
CVS Health Corporation,
Darden Restaurants Inc.,
D.R. Horton Inc.,
DASSAULT SYSTEME,
DANSKE BANK A/S,
Diamondback Energy Inc.,
Derwent London plc,
DEUTSCHE LUFT-RG,
Digital Realty Trust Inc.,
DEUTSCHE BOERSE,
DENTSPLY SIRONA Inc.,
Cabot Oil & Gas Corporation,
DaVita Inc.,
DEUTSCHE BANK-RG,
Discovery Inc.,
Devon Energy Corporation,
CARREFOUR SA,
Dixons Carphone plc,
DSV A/S,
Dover Corporation,
Dunelm Group Plc,
Duke Realty Corporation,
Duke Energy Corporation,
Drax Group plc,
LVMH Moet Hennessy Louis Vuitton,
DSM (KONIN),
Wendel,Wendel Group
EDF,
ELECTROLUX AB-B,
EDENRED,
EI Group plc,
Edison International,
EAST JAPAN RAIL,
Eastman Chemical Company,
eBay Inc.,
Eaton Corp. Plc,
Ecolab Inc.,
Electrocomponents plc,
Eni,
Eli Lilly and Company,
Equiniti Group plc,
Brown & Brown,B&B
Enel,
Medtronic Plc,
Elementis plc,
Equifax Inc.,
ENAGAS SA,
ELISA OYJ,
Energean Oil & Gas,
Evraz plc,
Exelon Corporation,
Essentra Plc,
Estee Lauder Companies Inc. ,
Everest Re Group Ltd.,
ESSITY AKTIEBO-B,
Equity Residential,
Essex Property Trust Inc.,
EXOR NV,
Sumitomo Rubber Industries,Sumitomo Rubber Industries Ltd
Ferguson plc,
FedEx Corporation,
F5 Networks Inc.,
Ferrexpo plc,
Facebook Inc.,
FDM Group plc,
Extra Space Storage Inc.,
FANUC CORP,
Fastenal Company,
CLARIANT AG-REG,
Experian Plc,
FirstEnergy Corp.,
Flowserve Corporation,
First Republic Bank,
FMC Corporation,
Ford Motor Company,
HEINEKEN NV,
COMMERZBANK,
FLIR Systems Inc.,
Fortinet Inc.,
Flutter Entertainment,Paddy Power
Fortive Corp.,
Fresnillo,
Fresenius,
GECINA SA,
ConvaTec Group Plc,
Freeport-McMoRan Inc.,
G4S Plc,
GALAXY ENTERTAIN,
Garmin Ltd.,
Gap Inc.,
Gartner Inc.,
Future plc,
Games Workshop Group,
GENMAB A/S,
General Motors Company,
General Mills Inc.,
Global Payments Inc.,
General Dynamics Corporation,
GlaxoSmithKline plc,
Genus plc,
Idemitsu Kosan Co,Idemitsu Showa Shell
CREDIT AGRICOLE,
Genuine Parts Company,
Dominion Energy Inc,
Globe Life Inc.,
Halliburton Company,
HANG LUNG PPT,
Greencore Group plc,
Great Portland Estates,
Greene King,
H&R Block Inc.,
Hanesbrands Inc.,
Danone,
Grafton Group,
Grainger Plc,
GRIFOLS SA,
Halma plc,
GROUPE BRUX LAMB,
Hartford Financial Services Group Inc.,
Hasbro Inc.,
HCA Healthcare Inc,
Hays plc,
Hilton Food Group Plc,
Greggs Plc,
Bellway plc,
Hastings Group Holdings plc,
HANNOVER RUECK S,
MSCI Inc. ,
HEIDELBERGCEMENT,
Apartment Investment and Management Company,
Humana Inc.,
HERMES INTL,
Hochschild Mining Plc,
HEXAGON AB-B,
Henry Schein Inc.,
Laboratory Corporation of America Holdings,
Hess Corporation,
Hikma Pharmaceuticals,
Tokyo Electric Power Company,TEPCO
HENNES & MAURI-B,
DTE Energy Company,
HKEX,Hong Kong Exchanges & Clearing Ltd
Homeserve plc,
HONG KG CHINA GS,
Howden Joinery Group Plc,
Hologic Inc.,
Emerson Electric Co.,
Hormel Foods Corporation,
ITV plc,
HSBC Holdings plc,
Huntington Ingalls Industries Inc.,
Honeywell International Inc.,
HONDA MOTOR CO,
Illinois Tool Works Inc.,
Illumina Inc.,
KEYENCE CORP,
Inditex,Industria de Diseno Textil SA
IHS Markit Ltd.,
Inchcape plc,
IDEX Corporation,
ERICSSON LM-B,
Industrivärden,
Imperial Brands Group,
ERSTE GROUP BANK,
IG Group Holdings Plc,
Ibstock plc,
Intercontinental Exchange Inc.,
InterContinental Hotels Group plc,
FERROVIAL SA,
Interpublic Group of Companies Inc.,
Intermediate Capital Group plc,
Integrafin Holdings Plc,
Annaly Capital Management,
Intel Corporation,
International Paper Company,
Fidelity National Financial Inc,FNF
GEA GROUP AG,
International Flavors & Fragrances Inc.,
Inmarsat Plc,
IQVIA Holdings Inc,
INVESTOR AB-B,
Qbe Insurance Group,QBE
ISS A/S,
Investec Plc,
J.B. Hunt Transport Services Inc.,
IWG plc,
Hiscox Ltd,
Invesco Ltd.,
J D Wetherspoon plc,
IP Group Plc,
Intuitive Surgical Inc.,
Intuit Inc.,
Just Eat plc,
Jupiter Fund Management PLC,
JD Sports Fashion plc,
A. O. Smith Corporation,
JPMorgan Chase & Co.,
Julius Baer Group,
Hargreaves Lansdown plc,
PTC,PTC Inc
Marstons plc,
Omega Healthcare Investors,Omega Healthcare
Johnson & Johnson,
Juniper Networks Inc.,
FirstGroup plc,
KERRY GROUP-A,
KAZ Minerals plc,
Kellogg Company,
W. R. Berkley Corp,W.R. Berkley
KDDI CORP,
Kainos Group plc,
Kimberly-Clark Corporation,
HITACHI LTD,
Kering,
Las Vegas Sands,
Kimco Realty Corporation,
KeyCorp,
KBC GROUP,
KINNEVIK AB - B,
KONE OYJ-B,
General Electric Company,
Kohl's Corporation,
KINGSPAN GROUP,
KPN (KONIN) NV,
L Brands Inc.,
Lam Research Corporation,
Klépierre,
KLA Corporation,KLA-Tencor Corporation
Advantest Corporation,
LEGRAND SA,
Linde plc,
LKQ Corporation,
Lennar Corporation,
Lloyds Banking Group plc,
LEONARDO SPA,
Hill & Smith Holdings plc.,
Lindt & Spruengli Part,
LANXESS AG,
LINK REIT,
Leggett & Platt Incorporated,
Legal & General Group plc,
Leidos Holdings Inc.,
OMV AG,
Becton Dickinson and Company,
M&T Bank Corporation,
Medical Properties Trust,Medical Properties Trust Inc
LOGITECH INTER-R,
Loews Corporation,
Münchener Rückversicherungs-Gesellschaft,
Lowe's Companies Inc.,
Incyte Corporation,
NESTLE SA-REG,
Newmont Goldcorp Corporation,
LONZA GROUP -REG,
LondonMetric Property plc,
Marsh & McLennan Companies Inc.,
Marriott International Inc.,
Marks & Spencer Group plc,
Mastercard Incorporated  ,
McKesson Corporation,
Man Group plc,
Marshalls Plc,
McCarthy & Stone plc,
Orange,
Maxim Integrated Products Inc.,
McDonald's Corporation,
Johnson Matthey Plc,
Mettler-Toledo International Inc.,
Micro Focus International plc,
Helmerich & Payne Inc.,
Meggitt,
Melrose Industries plc,
Galliford Try Plc,
Allegion PLC,
MICHELIN,
MEDIOBANCA,
MERCK KGAA,
MetLife Inc.,
DiaSorin,
London Stock Exchange Group plc,
Mondelez International Inc.  ,
Mondi Plc,
Mid-America Apartment Communities Inc.,
MITSUBISHI UFJ FG,
MIZUHO FINANCIAL,
Mitchells & Butlers Plc,
Macy's Inc,
Millennium & Copthorne Hotels plc,
MONCLER SPA,
MITSUBISHI ESTAT,
Micron Technology Inc.,
MITSUBISHI CORP,
Nasdaq Inc.,
John Laing Group plc,
Motorola Solutions Inc.,
Morgan Stanley,
Molson Coors Brewing Company,
Nektar Therapeutics,
Mosaic Company,
Newell Brands Inc,
Macerich Company,
Brother Industries,Brother Industries Ltd
News Corporation ,
NEW WORLD DEV,
Netflix Inc.,
NewRiver REIT plc,
NESTE OYJ,
MURATA MFG CO,
Merck & Co. Inc.,
NiSource Inc,
Nordstrom Inc.,
PeptiDream,Peptidream Inc
Noble Energy Inc.,
Northrop Grumman Corporation,
NORSK HYDRO ASA,
NIPPON TELEGRAPH,
Nokia,
Morgan Advanced Materials plc,
NORDEA BANK ABP,
Northern Trust Corporation,
Microsoft Corporation,
Assurant Inc.,
NTT DOCOMO INC,
OneSavings Bank plc,
NOKIAN RENKAAT,
NIKE Inc.,
NOVO NORDISK-B,
NVIDIA Corporation,
Computacenter plc,
Omnicom Group Inc,
MGM Resorts International,
Oracle Corporation,
Bank of East Asia,BEA
Ocado Group plc,
Paychex Inc.,
Bank Leumi,Bank Leumi Le-Israel
Pantheon International,
Oxford Instruments plc,
OSRAM LICHT AG,
ONEOK Inc.,
PARTNERS GROUP J,
PageGroup plc,
ORSTED A/S,
Parker-Hannifin Corporation,
Paypoint Plc,
Atmos Energy Corporation,
PEUGEOT SA,
Philip Morris International Inc.,
Perrigo Co. Plc,
People's United Financial Inc.,
Pets At Home Group PLC,
PACCAR Inc,
Carl Zeiss Meditec,Zeiss
Pennon Group,
PERNOD RICARD SA,
Zalando,Zalando SE
Engie,
PETROCHINA-H,
PerkinElmer Inc.,
PORSCHE AUTO-PRF,
POWER ASSETS,
Premier Oil Plc,
Polymetal International plc,
Pentair plc,
PPHE Hotel Group Ltd,
O'Reilly Automotive Inc.,
Pinnacle West Capital Corporation,
PPL Corporation,
Playtech plc,
PING AN,
DNB ASA,
Polypipe Group plc,
Progressive Corporation,
PROXIMUS,
Provident Financial plc,
Prudential Financial Inc.,
PulteGroup Inc.,
Public Service Enterprise Group Inc,PSEG
PRYSMIAN SPA,
Puretech Health plc,
Prologis Inc.,
PUBLICIS GROUPE,
ProSiebenSat.1 Media,
SVENSKA CELL-B,
Prudential plc,
Public Storage,
Quilter Plc,
PZ Cussons Plc,
Plus500 Ltd,
Quanta Services Inc.,
Rathbone Brothers plc,
MTR CORP,
QUALCOMM Incorporated,
QIAGEN NV,
Rank Group,
QinetiQ Group plc,
HEINEKEN HLDG,
Ralph Lauren Corporation,
Renishaw plc,
RED ELECTRICA,
RHI Magnesita N.V.,
Republic Services Inc.,
RWE AG,
Rotork plc,
CNOOC,
Ross Stores Inc.,
Epam Systems,Epam Systems Inc
Dropbox,
Rollins Inc.,
RSA Insurance Group,
Covivio,Foncière des Régions
ROYAL DUTCH SH-A,
NOVOZYMES-B SHS,
Royal Caribbean Cruises Ltd.,
SAFRAN,
Sabre Insurance Group Plc,
SAINT GOBAIN,
Sage Group plc,
Sainsbury (J) plc,
Sanne Group plc,
Sanofi,
SANDVIK AB,
SAP,
Safestore Holdings,
Santander,
SANDS CHINA LTD,
Nippon Shinyaku Co,Nippon Shinyaku
Seagate Technology PLC,
TENARIS SA,
Segro Plc,
Senior plc,
SCOR SE,
CONTINENTAL AG,
SCHINDLER HLD-PC,
Serco Group plc,
Schroders plc,
NMC Health Plc,
L'Oréal,
Schlumberger Limited,
Welcia Holdings,Welcia Holdings Co
Société Générale,
PANASONIC CORP,PANASONIC CORP
Simon Property Group Inc.,
SINOPEC CORP-H,China Petroleum & Chemical Corp
Shaftesbury,
SGS SA-REG,
SHENZHOU INTL GP,
SINO BIOPHARM,
SKF AB- B SHARES,
SINO LAND,
SHK PPT,
SKANSKA AB-B,
Alfresa Holdings,Alfresa Holdings Corporation
Smurfit Kappa Group Plc,
SONY CORP,
Smith & Nephew plc,
SES,
SMFG,
Softcat plc,
NICE,NICE Systems Ltd
SOLVAY SA-A,
Smiths Group Plc,
SONOVA HOLDING A,
Medipal Holdings Corporation,Medipal Holdings Corp
Stanley Black & Decker Inc.,
Spirax-Sarco Engineering plc,
Standard Chartered plc,
St Modwen Properties plc,
Spirent Communications plc,
SSE plc,
SSP Group plc,
SECURITAS AB-B,
Starbucks Corporation,
Southern Company,
Spectris plc,
St James's Place Plc,
Liberty Broadband,Liberty Broadband Corporation
SUNNY OPTICAL,
STORA ENSO OYJ-R,
SWEDBANK AB-A,
SIKA AG-REG,
SUEZ,
SunTrust Banks Inc.,
SWIRE PACIFIC-A,
SVENSKA HAN-A,
Demant,
SVB Financial Group,
Synthomer plc,
Tapestry Inc.,
Talktalk Telecom Group Plc,
T. Rowe Price Group,
Synchrony Financial,
Ipsen,
KKR & Co,KKR & Co Inc
TAKEDA PHARMACEU,
NortonLifeLock,
SWISSCOM AG-REG,
SYMRISE AG,
Target Corporation,
TELE2 AB-B SHS,
Telefonica,
STMICROELECTRONI,
Ryman Healthcare,Ryman Healthcare Ltd
Telecom Plus plc,
Teleflex Incorporated,
TELEPERFORMANCE,
Sartorius,The Sartorius group
Telecom Italia,
TEMENOS AG-REG,
TI Fluid Systems plc,
Tiffany & Co.,
TOYOTA MOTOR,
Texas Instruments Incorporated,
Tesco plc,
TOKIO MARINE HD,
TERNA SPA,
Thermo Fisher Scientific Inc.,
TP ICAP plc,
Textron Inc.,
Cosmos Pharmaceutical,Cosmos Ltd
Twitter Inc.,
Tyson Foods Inc.,
U.S. Bancorp,
UCB SA,
TUI AG,
Sempra Energy,
UBS GROUP AG,
Ubisoft Entertainment,
Travis Perkins plc,
Tritax Big Box REIT plc,
Tullow Oil plc,
Nissan,Nissan Motor Corporation
United Internet AG,
United Airlines Holdings Inc.,
UMICORE,
Ulta Beauty Inc,
TECHTRONIC IND,
Open Text Corporation,Open Text Corp
UNICREDIT SPA,
Unibail-Rodamco,
Equinix Inc.,
Emera,Emera Inc
Unite Group,
Unum Group,
Valero Energy Corporation,
Verisk Analytics Inc,
Shinsei Bank,Shinsei Bank Ltd
Ventas Inc.,
Vesuvius plc,
Glencore plc,
Verizon Communications Inc.,
Wayfair,Wayfair Inc.
Siemens Gamesa Renewable Energy,
VEOLIA ENVIRONNE,
UPM-Kymmene,
Nexon,Nexon Co
Eurofins Scientific,
Visa Inc.  ,
Lundin Energy,Lundin Petroleum
VIFOR PHARMA AG,
Victrex,
Vivendi,
Vivo Energy Plc,
W.W. Grainger Inc.,
VONOVIA SE,
DXC Technology Co.,
Volkswagen,
VINCI,
Nikon Corporation,
WestRock Company,
WARTSILA OYJ ABP,
Welltower Inc.,
Wells Fargo & Company,
Weir Group plc,
WANT WANT CHINA,Want Want China
Weyerhaeuser Company,
Western Union Company,
Walt Disney Company,
VF Corp,
Waste Management Inc.,
Snap-on Incorporated,
Wizz Air Holdings plc,
WH Smith Plc,
Waters Corporation,
SWATCH GROUP/THE,
Williams Companies Inc.,
WPP plc,
Vornado Realty Trust,
Wharf Real Estate,
Whitbread plc,
Advanced Micro Devices Inc.,
Workspace Group Plc,
WOLTERS KLUWER,
Yara International ASA,
Baxter International Inc.,
Xilinx Inc.,
BlackRock Inc.,
ZURICH INSURANCE,
Zimmer Biomet Holdings Inc.,
Hisamitsu Pharmaceutical,Hisamitsu Pharmaceutical Co
GALP ENERGIA,
Zions Bancorporation N.A.,
TBC Bank Group Plc,
Xylem Inc.,
Uber Technologies Inc.,Uber
Vici Properties,
Sysco Corporation,
TR Property Investment Trust plc,
Chugai Pharmaceutical Co,
BeiGene,
Palo Alto Networks,
Exact Sciences Corporation,Exact Sciences Corp
Docusign,
Olympus Corp,
BOLIDEN AB,
Manulife Financial Corporation,
Shopify,
bioMérieux,bioMerieux
Sonic Healthcare,
TMX Group,
Voya Financial,
Magellan Financial Group,
Bank Mizrahi-Tefahot,Mizrahi-Tefahot
CAPGEMINI SE,
CI FinanciaI,
AEGON NV,
Cimarex Energy Co.,
EQT,EQT Group
M&G,M&G plc
Banque Cantonale Vaudois,BCV
UDG Healthcare plc,
Concordia Financial Group,
Kakaku.com,Kakaku
Spark,Spark New Zealand
Sharp Corporation,
CarMax Inc.,
Ampol,Caltex Australia
Blackberry,Blackberry Ltd
Owens Corning,
SUMCO,SUMCO corporation
Santos,Santos Limited
Nibe Industrier,Nibe Industrier AB
Yamato Holdings Co,Yamato Holdings
Dynatrace,
ICA Gruppen,ICA Gruppen AB
Xcel Energy Inc.,
Pigeon Corporation,Pigeon Corp
Cameco Corporation,Cameco Corp
Meiji Holdings,Meiji Group
Saputo,Saputo Inc
Toray Industries,
Ajinomoto Co,Ajinomoto Co Inc
Nissin Foods Holdings,Nissin Foods Holdings Co
JFE Holdings,JFE Holdings Inc
Shimamura,Shimamura Co
Azrieli Group,
British American Tobacco plc,
Sekisui Chemical,Sekisui Chemical Co
Yum! Brands Inc.,
Trimble,Trimble Inc
Nexi,
NH Foods,Nippon Ham
AGL Energy,AGL Energy Ltd
Shimizu Corporation,Shimizu Corp
Stockland,Stockland Corporation
Yamazaki Baking Co,Yamazaki Baking
Kajima Corporation,Kajima Corp
UGI Corporation,UGI Corp
McDonald's Holdings Company (Japan),McDonald's Holdings Japan
Canadian Utilities,Canadian Utilities Ltd
Canadian Apartment Properties REIT,CAPREIT
Kion Group,Kion Group AG
First Capital REIT,First Capital Realty
Liberty SiriusXM Group,
Swire Properties,Swire Properties Ltd
Swiss Prime Site,Swiss Prime Site AG
Aercap Holdings,Aercap
Mapletree Logistics Trust,
Concho Resources Inc.,
Japan Retail Fund Investment Corporation,Japan Retail Fund Investment
Persol Holdings,Temp Holdings
Iida Group Holdings,Iida Group Holdings Co
Tabcorp Holdings,Tabcorp
Lundin Mining Corporation,Lundin Mining
Lennox International,Lennox International Inc
Kawasaki Heavy Industries,Kawasaki Heavy Industries Ltd
Benesse Holdings,Benesse Holdings Inc
Hirose Electric,Hirose Electric Co
Fuchs Petrolub,Fuchs
VOLVO AB-B,
Sohgo Security Services,Sohgo Security Services Co
Alaska Air Group Inc.,
Venture Corporation,Venture Corp
Daifuku,Daifuku Company
Ems-Chemie Holding,Ems-Chemie
Orica,Orica Limited
Magna International,Magna International Inc
Singapore Airlines,SIA
Dentsu Group,Dentsu Inc
Aisin Seiki,Aisin
Yamaha Motor Company,Yamaha Motor Co
Stanley Electric,Stanley Electric Co
Qantas Airways,Qantas
Fiat Chrysler Automobile,FCA
Tokyu Corporation,Tokyu Corp
Japan Airlines Co,Nikkō
Koito Manufacturing,Koito Manufacturing Co
JTEKT Corporation,JTEKT Corp
Blackstone Group,
The Trade Desk,The Trade Desk Inc
Daejan Holdings plc,
Canadian National Railway,
Diploma plc,
DexCom,
Fast Retailing Co,
Splunk,
Veeva Systems Inc,
Enbridge,
Daikin Industries,
Hoya Corp,
Lululemon Athletica,
Barrick Gold Corporation,
Prosus,
Nutrien,
IAC,
Metro AG,Metro
Affiliated Managers Group Inc.,
Federal Realty Investment Trust,
EDP,EDP - Energias de Portugal SA
Sumitomo Electric,Sumitomo Electric Industries
Twilio,
CoStar Group,
Dell Technologies,Dell
Domino's Pizza Group plc,
ABN AMRO BANK-CV,
Ahold Delhaize ,
Carrier Global,
Moderna,
SS&C Technologies Holdings,SS&C Technologies
Kirin Holdings Company,
ENDESA,
Transurban Group,
Nitori Holdings,Nitori Holdings Co
Unicharm Corporation,Unicharm Corp
EssilorLuxottica,
M3,
Fortis,
United Overseas Bank,UOB
West Pharmaceutical Services,
Western Digital Corporation,
Daiichi Sankyo,
National Australia Bank,
Australia And New Zealand Banking Group,
Sarepta Therapeutics,Sarepta Therapeutics Inc
CSL Ltd,
FORTUM OYJ,
Westpac Banking,
L3Harris Technologies,
Hamamatsu Photonics,Hamamatsu Photonics K.K
Delivery Hero,Delivery Hero SE
Bank Of Montreal,
Check Point Software Technologies,Check Point
Go Ahead Group,
H. Lundbeck,Lundbeck
GVC Holdings plc,
Square,
Mirvac Group,Mirvac
Woolworths Group,
Canadian Imperial Bank Of Commerce,
SMC Corp,
Canadian Natural Resources,
NXP Semiconductors,
Secom,
Terumo Corp,
Itochu Corp,
Mitsubishi Electric Corp,
Fujifilm Holdings Corporation,Fujifilm
Zillow Group,Zillow
Suzuki Motor Corp,Suzuki Motor Corporation
FICO,Fair Isaac Corporation
Sirius XM Holdings,
Komatsu,
Subaru Corporation,Subaru
Factset Research Systems,Factset
Denso Corporation,Denso Corp
Japan Exchange Group,JPX
Orix Corp,
CGI,CGI Inc.
Otsuka Holdings,
Newcrest Mining,
HP Inc.,
Otis Worldwide,
BANK OF IRELAND,
Shimadzu Corporation,
Activision Blizzard Inc.,
Daiwa House,Daiwa House Industry
American Tower Corporation,
CapitaLand Mall Trust,Capitaland Mall Trust
Barratt Developments plc,
DEUTSCHE WOHNEN,
Intertek Group plc,
ST Engineering,Singapore Technologies Engineering
Hershey Company,
JAPAN TOBACCO,
Keppel Corporation,Keppel
Advance Auto Parts Inc.,
BANKIA SA,
LyondellBasell Industries NV,
METSO OYJ,
Brewin Dolphin Holdings plc,
Reinsurance Group America,Reinsurance Group America Inc
Bodycote plc,
Schneider Electric,
BT Group plc,
Worldline,
Sports Direct Intl Plc,
Metro Bank plc,
Regeneron Pharmaceuticals Inc.,
Phoenix Group Holdings Plc,
Robert Half International Inc.,
Close Brothers Group plc,
Booking Holdings Inc.,
Raytheon Company,United Technologies
Iron Mountain Inc.,
CenterPoint Energy Inc.,
Autoliv,Autoliv Inc.
NetApp Inc.,
Mitsui Chemicals,Mitsui Chemicals Inc
Cboe Global Markets Inc.,
Isuzu Motors,Isuzu Motors Ltd
Card Factory plc,
Chipotle Mexican Grill Inc.,
CSX Corporation,
Cooper Companies Inc.,
Electronic Arts Inc.,
SBI Holdings,Strategic Business Innovator Group
Jefferies Financial Group Inc.,
CREDIT SUISS-REG,
DISH Network Corporation  ,
EQUINOR ASA,
E*TRADE Financial Corporation,
Dechra Pharmaceuticals plc,
Delta Air Lines Inc.,
Fidelity National Information Services Inc.,
Intesa Sanpaolo,
Franklin Resources Inc.,
Computershare,Computershare Limited
RENAULT SA,
Informa plc,
Regency Centers Corporation,
Iberdrola SA,
REPSOL SA,
Kinder Morgan Inc.,
Rentokil Initial Plc,
JM Smucker Co,
Cognizant Technology Solutions Corporation  ,
RELX plc,
Hydro One,Hydro One Limited
HENKEL AG -PFD,
CNP Assurances,CNP Assurances S.A
IMI plc,
Tokyo Gas,Tokyo Gas Co
EIFFAGE,
GEBERIT AG-REG,
British Land Co plc,
SBA Communications Corp.  ,
Dollar Tree Inc.,
Deutsche Post,
Expeditors International of Washington Inc.,
Ricoh,Ricoh Company
HANG SENG BANK,
Lion Corporation,Lion Corp
Willis Towers Watson Public Limited Company,
Bio-Rad Laboratories A,Bio-Rad Laboratories Inc
Vail Resorts,Vail Resorts Inc
Persimmon plc,
Tohoku Electric Power Company,Tohoku Electric Power
Sun Communities,Sun Communities Inc.
Geely Automobile Holdings Ltd,Geely Automobile
West Japan Railway,JR-West
Oriental Land Company,
Evergy Inc.,
Yakult Honsha,Yakult Honsha Co
Arrow Electronics,
Sysmex Corporation,Sysmex Corp
MarketAxess Holdings Inc.,
Mohawk Industries Inc.,
Burlington Stores,Burlington
Dexus,
Marubeni Corporation,Marubeni Corp
Synopsys Inc.,
Medibank,Medibank Private
Nippon Express,Nippon Express Co
Gilead Sciences Inc.,
Kansai Paint,Kansai Paint Co
Kirkland Lake Gold,Kirkland Lake Gold Inc
Amundi,
Yamada Denki,Yamada Denki Co
Skandinaviska Enskilda Banken,SEB Group
Goldman Sachs Group Inc.,
Showa Denko K.K.,Showa Denko
Biomarin Pharmaceutical,
Gildan Activewear,Gildan
Mercari Inc,Mercari
MTU AERO ENGINES,
Seiko Epson Corporation,Epson
Santen Pharmaceutical Co,Santen Pharmaceutical
Melco Resorts & Entertainment,Melco Resorts
Kyushu Electric Power Company,Kyushu Electric Power Co
Teledyne Technologies,Teledyne
TDK Corporation,TDK
Treasury Wine Estates,TWE
CAE Inc,CAE
HollyFrontier Corporation,
ASM Pacific Technology,ASM Pacific Technology Ltd
Tosoh Corporation,Tosoh Corp
Calbee,Calbee Inc
Mitsubishi Motors Corporation,
Aon plc,
Rohm Semiconductor,Rohm
Countryside Properties Plc,
Daicel Corporation,Daicel
Investment AB Latour,Latour Investment
NATURGY ENERGY,
Fuji Electric,Fuji Electric Co
ADYEN NV,
Fraport,Fraport AG Frankfurt Airport Services Worldwide
Power Corporation Of Canada,Power Corporation
JGC Holdings Corporation,JGC Holdings Corp
PCCW,Pacific Century CyberWorks
ANSYS Inc.,
AT&T Inc.,
INFINEON TECH,
NN GROUP,
Direct Line Insurance Group plc,
Johnson Controls International plc,
Mediclinic International plc,
Keysight Technologies Inc,
Euromoney Institutional Investors plc,
K+S AG-REG,
Martin Marietta Materials Inc.,
Moneysupermarket.Com,
Microchip Technology Incorporated,
Lancashire Holdings,
Kraft Heinz Company,
Merlin Entertainments plc,
Marathon Oil Corporation,
NOVARTIS AG-REG,
Corteva,
Sun Life Financial,
PANDORA A/S,
Morrison (Wm) Supermarkets,
Kansas City Southern,
Exxon Mobil Corporation,
HENDERSON LAND D,
Fiserv Inc.,
Kyocera Corporation,
Mercury NZ,Mercury Energy
DuPont de Nemours Inc.,
CK ASSET HOLDING,
Renesas Electronics Corporation,Renesas
Wheaton Precious Metals,
Host Hotels & Resorts Inc.,
SJM Holdings,SJM Holdings Ltd
SEVEN & I HOLDIN,
Raymond James Financial Inc.,
National Grid,
Aeon Mall,Aeon Mall Co
TE Connectivity Ltd.,
Intu Properties plc,
Pfizer Inc.,
Inter Pipeline,Inter Pipeline Ltd
Nidec Corporation,
Alimentation Couche-Tard,
Nomura Research Institute,NRI
Commonwealth Bank Of Australia,
Ono Pharmaceutical,Ono Pharmaceutical Co
PPG Industries Inc.,
Rockwell Automation Inc.,
James Fisher & Sons plc,
Teradyne,Teradyne Inc
Cheniere Energy,
Nielsen Holdings Plc,
Unilever plc,
Cadence Design Systems Inc.,
WEC Energy Group Inc,
Citizens Financial Group Inc.,
DBS Group Holdings,
IDEXX Laboratories Inc.,
Paragon Banking Group plc,
Lundbergforetagen,Lundbergs
Sumitomo Realty,Sumitomo Realty & Development Co
State Street Corporation,
Ascendas Real Estate Investment Trust,Ascendas REIT
Norfolk Southern Corporation,
Toronto-Dominion Bank,
Aramark,Aramark Corporation
Principal Financial Group Inc.,
ORKLA ASA,
SWISS RE AG,
Cochlear Ltd,Cochlear
Savills plc,
Jacobs Engineering Group Inc.,
Entergy Corporation,
Yokogawa Electric Corporation,
Sekisui House,
Pembina Pipeline,Pembina Pipeline Corporation
ResMed Inc.,
Smith (DS),
Qorvo Inc.,
Primary Health Properties plc,
Phillips 66,
LAFARGEHOLCIM-RE,
KUEHNE & NAGEL-R,
Petrofac,
Algonquin Power & Utilities Corp,Algonquin Power & Utilities Corporation
Constellation Software,
NRG Energy Inc.,
Okta,
Skyworks Solutions Inc.,
Standard Life Aberdeen Plc,
Tractor Supply Company,
SWISS LIFE H AG,
PayPal Holdings Inc,
Sophos Group plc,
VOESTALPINE AG,
Rightmove plc,
The Renewables Infrastructure Group Limited,
Tate & Lyle plc,
Severn Trent Plc,
RYANAIR HLDGS,
ROCHE HLDG-GENUS,
Alliance Data Systems Corporation,
T-Mobile US Inc.,
Orion Corporation,
Lamb Weston Holdings Inc.,
Marathon Petroleum Corporation,
Pinterest Inc,
Norwegian Cruise Line Holdings Ltd.,
SAMPO OYJ-A SHS,
Allergan plc,
Alexandria Real Estate Equities Inc.,
PepsiCo Inc.,
Berkshire Hathaway Inc. ,
Pioneer Natural Resources Company,
Teva Pharmaceutical,Teva Pharmaceutical Industries Ltd
SNAM SPA,
UnitedHealth Group Incorporated,
Kingfisher,
Siemens,
SOFTBANK GROUP C,
Costco Wholesale Corporation,
Ultra Electronics Holdings,
MOWI ASA,
Rio Tinto plc,
Accenture Plc  ,
IPG Photonics Corporation,
Xerox Holdings Corporation,
Sealed Air Corporation,
Walgreens Boots Alliance Inc,
ASSA ABLOY AB-B,
Riocan Real Estate Investment Trust,Riocan REIT
Fortune Brands Home & Security Inc.,
Whirlpool Corporation,
Pearson plc,
United Technologies Corporation,
Lincoln National Corporation,
VeriSign Inc.,
Royal Mail PLC,
Rogers Communications,Rogers Communications Inc
Viacom Inc.,
BCA Marketplace plc,
CHINA LIFE-H,
UK Commercial Property Reit Limited,
ALFA LAVAL AB,
TripAdvisor Inc.,
Stryker Corporation,
Omron Corporation,Omron Corp
CenturyLink Inc.,
Dai Nippon Printing,Dai Nippon Printing Co
Constellation Brands Inc.,
Hunting plc,
Dollar General Corporation,
Walmart Inc.,
AmerisourceBergen Corporation,
Land Securities Group plc,
SWEDISH MATCH AB,
United Parcel Service Inc. ,
Boohoo Group PLC,
NINTENDO CO LTD,
Masco Corporation,
Trane Technologies,Ingersoll-Rand Plc
Stagecoach Group plc,
WH GROUP LTD,
Dai-Ichi Life Holdings,Dai-Ichi Life
Sig plc,
Restaurant Group,
Arthur J. Gallagher & Co.,
TJX Companies Inc,
Southwest Airlines Co.,
Take-Two Interactive Software Inc.,
United Rentals Inc.,
Tokyo Electron,
Brookfield Asset Management,
Wesfarmers,
TELENOR ASA,
"3i Infrastructure plc",
Seattle Genetics,
Fortescue Metals Group,
Suncor Energy,
Tesla Inc,
Hengan International Group Company Ltd,Hengan International
Mitsui Fudosan,
B&M European Value Retail SA,
ATLANTIA SPA,
Westinghouse Air Brake Technologies Corporation,
THALES SA,
Huntington Bancshares Incorporated,
IBM,International Business Machines Corporation
Rolls Royce Holdings Plc,Rolls Royce
Barclays plc,
PVH Corp.,
Expedia Group Inc.,
Diageo plc,Diageo
Invitation Homes,Invitation Homes Inc
Travelers Companies Inc.,
Hitachi Construction Machinery,Hitachi Construction Machinery Co
Broadridge Financial Solutions Inc.,
Vertex Pharmaceuticals Incorporated,
Rémy Cointreau,Remy Cointreau
Ally Financial,Ally
Coca-Cola European Partners,Coca-Cola European Partners plc
Sherwin-Williams Company,
Old Dominion Freight Line,ODFL
PNC Financial Services Group Inc.,
SL Green Realty Corp.,
Ted Baker,
BBGI Sicav SA,
Bridgestone Corp,
Washington H. Soul Pattinson,WHSP
Mitsubishi Materials Corporation,MMC
James Hardie Industries,James Hardie Industries plc
Neurocrine Biosciences,
Hochtief,Hochtief Aktiengesellschaft
Asahi Group Holdings,
National Bank Of Canada,NBC Bank
Tyler Technologies,Tyler Technologies Inc
Kubota Corporation,Kubota
Aeon Co,Aeon
Woodside Energy,Woodside Petroleum
Zebra Technologies,Zebra Technologies Corporation
CDW Corporation,CDW
Restaurant Brands International,Restaurant Brands International Inc.
Paycom Software,Paycom
Agnico Eagle Mines,
Zoetis Inc.  ,
William Hill plc,
Alnylam Pharmaceuticals,Alnylam
Shimano,Shimano Inc
FDJ Group,Française des Jeux
Steris,Steris Corporation
Iliad,Iliad S.A.
Trend Micro,Trend Micro Inc
Getlink,Getlink Group
Healthpeak Properties,Healthpeak Properties Inc
Sumitomo Corporation,Sumitomo Corp
MS&AD Insurance Group,MS&AD Insurance Group Holdings
WellCare Health Plans Inc.,
Wynn Resorts Limited,
Godaddy,Godaddy Inc
Nomura Holdings,Nomura
Intact Financial,Intact Financial Corporation
ENEOS Holdings,ENEOS Holdings Inc
EOG Resources Inc.,
Black Knight,Black Knight Inc
Bolloré,Bollore
Markel Corporation,Markel Corp
Teladoc Health,Teladoc Health Inc
Catalent,
Insulet,Insulet Corporation
Crown Resorts,Crown Resorts Ltd
Sompo Holdings,Sompo Japan Nipponkoa Holdings
OBIC Co,OBIC Co Ltd
Brambles,Brambles Ltd
MercadoLibre,
Toshiba,Toshiba Corporation
Royal Bank Of Canada,
NVR,NVR Inc
Fujitsu,
Wix,Wix.com Ltd
Funding Circle PLC,
MongoDB,
TC Energy Corporation,
AGNC Investment Corp,AGNC
Nippon Paint Holdings,Nippon Paint Holdings Co
Roku,Roku Inc
Bandai Namco Holdings,Bandai Namco Group
RECRUIT HOLDINGS,
Avast plc,
RPM International,RPM International Inc
Dollarama,
Natixis,Natixis S.A.
Nordson Corporation,Nordson Corp
Aristocrat Leisure,Aristocrat Leisure Limited
Asahi Kasei Corporation,
Cognex Corporation,Cognex Corp
Loblaw,Loblaw Companies
Eisai Co,
Essential Utilities,Aqua America
Camden Property Trust,
Andritz,Andritz AG
Yaskawa Electric Corporation,Yaskawa Electric Corp
American Electric Power Company Inc.,
Reckitt Benckiser Group Plc,
CME Group Inc.,
RANDSTAD NV,
Ramsay Health Care,
Elanco Animal Health,Elanco
Chubu Electric Power,Chuden
Apollo Global Management,
GPT Group,
Guidewire Software,
Nitto Denko Corporation,Nitto Denko Corp
Kintetsu World Express,KWE
The A2Milk Company,
Pan Pacific International Holdings,PPIH
Union Pacific Corporation,
Hankyu Hanshin Holdings,
Fairfax Financial Holdings,
SODEXO SA,
Osaka Gas,Osaka Gas Co
Daimler,
Ionis Pharmaceuticals,Ionis
Equitable Holdings,AXA Equitable Life Insurance Company
Live Nation Entertainment,Live Nation Entertainment Inc
Booz Allen Hamilton,Booz Allen Hamilton Holding Corporation
Rakuten,Rakuten Inc
Nippon Steel Corporation,Nippon Steel Corp
Mitsubishi Chemical Holdings Corporation,Mitsubishi Chemical Holdings Corp
Misumi Group,Misumi Group Inc
Ingredion,Ingredion Inc
Evolution Gaming,Evolution Gaming Group
XPO Logistics,
Workday Inc,
NTT Data Corporation,NTT Data
Alleghany Corp,Alleghany
Lockheed Martin Corporation,
Galapagos NV,Galapagos
Origin Energy,
Sartorius Stedim Biotech,
Kikkoman Corporation,Kikkoman Corp
Lawson Inc,Lawson
TeamViewer,
Japan Real Estate Investment Corporation,Japan Real Estate Investment Corp
Seven Bank,Seven Bank Ltd
Odakyu Electric Railway,Odakyū
Telus Corporation,Telus Corp
Makita Corporation,Makita Corp
Shiseido Company,
Daito Trust Construction,
Bank Hapoalim,
Inpex Corporation,Inpex Corp
Cummins Inc.,
Ringcentral,
Eversource Energy,
Tobu Railway Corporation,
TENCENT,
Taisei Corporation,Taisei Corp
Nissan Chemical,Nissan Chemical Industries
NextEra Energy Inc.,
Jazz Pharmaceuticals,
Yamaha Corporation,Yamaha Corp
Kansai Electric Power,Kansai Electric Power Company
BCE Inc,Bell Canada Enterprises
Nihon M&A Center,
easyJet plc,
OGE Energy Corporation,Oklahoma Gas & Electric Company
Pan American Silver Corporation,Pan American Silver
Aurizon Holdings,Aurizon Holdings Limited
South32,South32 Limited
Lear Corporation,Lear Corp
First Quantum Minerals,First Quantum Minerals Ltd
HEICO Corporation,
MinebeaMitsumi,MinebeaMitsumi Inc
Sumitomo Metal Mining Co,Sumitomo Metal Mining
Vulcan Materials Company,
Equity Lifestyle Properties,Equity Lifestyle Properties Inc
ORPEA,ORPEA Group
Bureau Veritas,
Dassault Aviation,Dassault Aviation SA
Barry Callebaut,
Obayashi Corporation,Obayashi Corp
Daiwa Securities Group,
Sensata Technologies Holding,Sensata Technologies
Nippon Prologis REIT,
Puma,
Keio Corporation,Keio Corp
Ambu,Ambu International
National Retail Properties,NNN REIT
E.ON SE,
B2Gold,B2Gold Corp
Insurance Australia Group,IAG
Taylor Wimpey plc,
Toyota Tsusho,Toyota Tsusho Corp
Nagoya Railroad Co,Meitetsu
TOTO,Toto Ltd
Tsuruha Holdings,Tsuruha Holdings Inc
HKT Trust and HKT Limited,
Macquarie Group,
Steel Dynamics,SDI
Bausch Health Companies,Bausch Health
Knorr-Bremse,Knorr-Bremse AG
Yamana Gold,Yamana Gold Inc
Signature Bank,
Nomura Real Estate Master Fund,NMF
CyberAgent,CyberAgent Inc
SEI Investments,SEI
Wilmar International,Wilmar International Limited
Capital & Counties Properties plc,
CapitaLand,CapitaLand Ltd
Jones Lang LaSalle,Jones Lang LaSalle Inc
East West Bancorp,
Otsuka Corporation,
CCL Industries,CCL Industries Inc
Sumitomo Chemical,Sumitomo Chemical Co
Auckland International Airport,AIAL
Singapore Exchange,Singapore Exchange Limited
Thomson Reuters,Thomson Reuters Corporation
GLP J-REIT,
HD Supply Holdings,HD Supply
Daiwa House REIT Corporation,Daiwa House Reit Investment Corporation
Hikari Tsushin,
CDK Global Holdings,
T&D Holdings,T&D Holdings Inc
Ritchie Bros Auctioneer,
Keurig Dr Pepper,
Kinross Gold Corporation,
Siemens Healthineers,Siemens Healthineers AG
MonotaRO,Monotaro Co
Toppan Printing,Toppan Printing Co
Nemetschek,Nemetschek Group
Poste Italiane,
Aroundtown,
GMO Payment Gateway,
American Financial Group,American Financial Group Inc
Davide Campari-Milano,Campari Group
Mitsubishi Gas Chemical Company,MGC
Keihan Holdings,Keihan Holdings Co
FamilyMart,Familymart Co
Great-West Lifeco,Great-West Lifeco Inc
Canadian Tire Corporation,Canadian Tire
Oracle Corporation Japan,Oracle Corp Japan
Kyushu Railway Company,JR Kyushu
Square Enix Holdings,Square Enix
Kobayashi Pharmaceutical,Kobayashi Pharma
Hoshizaki Corporation,Hoshizaki
Resona Holdings,
Sydney Airport Holdings,Sydney Airport
Sony Financial Holdings,Sony Financial Holdings Inc
Shaw Communications,Shaw Communications Inc
Erie Indemnity Company,Erie Indemnity
Imperial Oil,Imperial Oil Ltd
Keisei Electric Railway,The Keisei Electric Railway Company
KOSÉ Corporation,KOSE Corp
Oji Holdings Corporation,Oji Paper
Chugoku Electric Power,The Chugoku Electric Power Company
Knight-Swift Transportation,Knight-Swift Transportation Holdings Inc
Parkland Fuel Corporation,Parkland Fuel
Onex Corp,Onex Corporation
Empire Company,Empire Company Limited
NGK Insulators,NGK Insulators Ltd
Royal Vopak,Koninklijke Vopak
Meridian Energy,Meridian Energy Limited
Quebecor,Quebecor Inc
Telenet,Telenet Group
LIXIL Group Corp,LIXIL Group Corporation
JSR Corporation,JSR Corp
CyberArk,CyberArk Software
CNH Industrial,
Suntory,Suntory Beverage & Food
Ryohin Keikaku Co,Muji
ORIX JREIT,OJR
Toho Gas,Toho Gas Co
Vicinity Centres,Vicinity Limited
Gjensidige Forsikring,Gjensidige
Israel Discount Bank,Discount Bank
Keyera,
Mazda Motor Corporation,Mazda
Nabtesco Corporation,
Keikyu Corporation,Keikyū
Japan Post Bank,Japan Post Bank Co
Itochu Techno-Solutions,CTC
Konami Holdings Corporation,Konami
Genting Singapore,Genting Singapore PLC
iA Financial Group,
Kuraray,Kuraray Co Ltd
Marui Co,Marui Group
Casio Computer Co,Casio
CapitaLand Commercial Trust,
Colruyt Group,Etablissementen Franz Colruyt
Tryg,Tryg A/S
Verbund,Verbundgesellschaft
Faurecia,
Bankinter,Bankinter S.A.
Ito En,
Teijin,Teijin Limited
AltaGas,
Mapletree Commercial Trust,MCT
United Urban Investment Corporation,United Urban Investment Corp
Tokyu Fudosan Holdings Corporation,
Hulic,Hulic Co
Rinnai Corporation,Rinnai Corp
Nisshin Seifun Group,
Japan Post Insurance,Japan Post Insurance Co
Taiheiyo Cement Corporation,Taiheiyo Cement
Raiffeisen Bank International,RBI
Fukuoka Financial Group,
Seibu Holdings,Seibu Holdings Inc
Kurita Water Industries,
Amada Co,Amada Co Ltd
Hakuhodo DY Holdings,Hakuhodo DY Holdings Inc
Shizuoka Bank,
Seek Ltd,Seek Limited
Altice Europe,Altice Europe N.V.
Citigroup Inc.,
Hitachi Metals,Hitachi Metals Ltd
Infrastrutture Wireless Italiane,INWIT
NGK Spark Plug,NGK Spark Plug Co
Coca-Cola Bottlers Japan,
Taiyo Nippon Sanso Corporation,TNSC
Air Water Inc,Air Water
Chiba Bank,Chiba Bank Ltd
HK Electric Investments,
Elbit Systems,Elbit Systems Ltd
AusNet Services,SP AusNet
Japan Prime Realty Investment Corporation,Japan Prime Realty Investment Corp
Sega Sammy Holdings,Sega Sammy Holdings Inc
Icade,Icade SA
Nippon Yusen,NYK Line
Isetan Mitsukoshi Holdings,Isetan Mitsukoshi Holdings Ltd
PARK24 Co Ltd,
Aozora Bank,Aozora Bank Ltd
Nomura Real Estate Holdings,Nomura Real Estate Holding Inc
Japan Airport Terminal,
TPG Telecom,TPG
Zozo Inc,Zozo
Mapfre,MAPFRE
Hino Motors,Hino Motors Ltd
Sumitomo Heavy Industries,SHI
WiseTech Global,
Jack Henry & Associates Inc.,
Electric Power Development Company,The Electric Power Development Company
IGM Financial,IGM Financial Inc
Mebuki Financial Group,Mebuki Financial Group Inc
Kamigumi Co,Kamigumi
ABC-Mart,ABC-Mart Inc
Bank of Kyoto,Bank of Kyoto Ltd
UOL Group Ltd,UOL Group
Toyoda Gosei,Toyoda Gosei Co
Casino Guichard-Perrachon,Groupe Casino
Jardine Cycle & Carriage,Jardine Cycle & Carriage Limited
GIVAUDAN-REG,
Epiroc,Epiroc AB
The Yokohama Rubber Company,The Yokohama Rubber Co
Air Canada,
CIMIC Group,
Maruichi Steel Tube,Maruichi Kokan
Yangzijiang Shipbuilding,Yangzijiang Shipbuild Ltd
POLA Orbis Holdings,
Taiwan Semiconductor Manufacturing Company,TSMC
salesforce.com inc.,
ICBC-H,Industrial & Commercial Bank of China Ltd
TOTAL,
Ball Corporation,
Canadian Pacific Railway,
MITSUI & CO,
Redrow plc,
SmartCentres REIT,SmartCentres Real Estate Investment Trust
Alphabet Inc,
Amgen Inc.,
Aptiv PLC,
AvalonBay Communities Inc.,
Babcock International Group,
Vestas,VESTAS Wind Systems
TransDigm Group Incorporated,
Fisher & Paykel Healthcare,Fisher & Paykel Healthcare Corporation Limited
Varian Medical Systems Inc.,
Evonik Industries,Evonik Industries AG
WIRECARD AG,Wirecard
Japan Post Holdings,Japan Post Holdings Co
UDR Inc.,
Kyowa Kirin Co,Kyowa Kirin
Scout24,Scout24
DCC PLC,
Transunion,
Chevron Corporation,
Vodafone Group plc,
WSP,WSP Global
Hammerson,
International Consolidated Airlines Group SA,IAG
Vistra Corp,Vistra Energy Corp
Singtel,Singapore Telecommunications Limited
Waste Connections,
Bank of America Corp,
Procter & Gamble Company,
Scentre Group,Scentre Group Ltd
W. P. Carey,W. P. Carey Inc
ASX,Australian Securities Exchange
TELIA CO AB,
Agilent Technologies Inc.,
GN Store Nord,GN Group
THYSSENKRUPP AG,
Ameriprise Financial Inc.,
Canopy Growth,Canopy Growth Corporation
ON Semiconductor Corporation,ON Semiconductor
Regions Financial Corporation,
STRAUMANN HLDG-R,
Husqvarna Group,Husqvarna
Coles,Coles Supermarkets
Hewlett Packard Enterprise Co.,
Kroger Co.,
Roper Technologies Inc.,
Home Depot Inc.,
Telstra Corporation,Telstra Corporation Limited
VMware,VMware Inc
United Utilities Group Plc,
MENGNIU DAIRY,
Asahi Intecc Co,Asahi Intecc
Realty Income Corporation,
Lendlease Group,Lendlease
TechnipFMC Plc,
Harley-Davidson Inc.,
American International Group Inc.,
National Express,
Mylan N.V.,
Recordati,
National Oilwell Varco Inc.,
Bristol-Myers Squibb Company,
Centene Corporation,
Capital One Financial Corporation,
Akamai Technologies Inc.,
LEG IMMOBILIEN A,
Moody's Corporation,
Network International Holdings,
Pirelli,Pirelli & C. S.p.A
Church & Dwight Co. Inc.,
BBA Aviation plc,
Berkeley Group Holdings plc,
Monster Beverage Corporation,
Sumitomo Mitsui Trust,Sumitomo Mitsui Trust Holdings
Ashtead Group plc,
Next plc,
JCDecaux,JCDecaux Group
CHR HANSEN HOLDI,
Consolidated Edison Inc.,
Occidental Petroleum Corporation,
McCormick & Company Incorporated,
FleetCor Technologies Inc.,
VALEO SA,
Quest Diagnostics Incorporated,
FERRARI NV,
GENERALI ASSIC,Assicurazioni Generali SpA
Packaging Corporation of America,
CKI HOLDINGS,CK Infrastructure Holdings Ltd
Under Armour Inc.,Under Armour Inc.
Cranswick plc,
Hilton Worldwide Holdings Inc,
Wood Group Plc,John Wood Group PLC
Bluescope Steel,Bluescope Steel Limited
Mitsubishi Heavy Industries,Mitsubishi Heavy Industries Ltd
Discover Financial Services,
